{
  "window": 4000,
  "steps": [
    241999,
    243999,
    245999,
    247999,
    249999,
    251999,
    253999,
    255999,
    257999,
    259999,
    261999,
    263999,
    265999,
    267999,
    269999,
    271999,
    273999,
    275999,
    277999,
    279999,
    281999,
    283999,
    285999,
    287999,
    289999,
    291999,
    293999,
    295999
  ],
  "data": {
    "logits": {
      "cosine": [
        [
          0.005755901336669922,
          0.004271000623703003,
          0.007543504238128662,
          0.012485712766647339,
          0.0070972740650177,
          0.005100756883621216,
          0.007055073976516724,
          0.007758915424346924
        ],
        [
          0.00840100646018982,
          0.004305392503738403,
          0.007013559341430664,
          0.007452905178070068,
          0.00613287091255188,
          0.009412378072738647,
          0.009458422660827637,
          0.007233023643493652
        ],
        [
          0.006415694952011108,
          0.003282874822616577,
          0.007263004779815674,
          0.007358908653259277,
          0.007832467555999756,
          0.005803227424621582,
          0.006984442472457886,
          0.005685716867446899
        ],
        [
          0.005644679069519043,
          0.00449100136756897,
          0.007582813501358032,
          0.008344382047653198,
          0.00664752721786499,
          0.007007718086242676,
          0.00875765085220337,
          0.008228421211242676
        ],
        [
          0.0075022876262664795,
          0.005203992128372192,
          0.010931164026260376,
          0.007778078317642212,
          0.0073129236698150635,
          0.006728261709213257,
          0.006645768880844116,
          0.006922900676727295
        ],
        [
          0.006445765495300293,
          0.0043042004108428955,
          0.0048583149909973145,
          0.008755385875701904,
          0.007741004228591919,
          0.006586164236068726,
          0.006334841251373291,
          0.007654070854187012
        ],
        [
          0.012596756219863892,
          0.006848007440567017,
          0.02080175280570984,
          0.010652214288711548,
          0.006661444902420044,
          0.00602346658706665,
          0.007240653038024902,
          0.006833463907241821
        ],
        [
          0.009512931108474731,
          0.004784822463989258,
          0.0066072046756744385,
          0.006833016872406006,
          0.006554633378982544,
          0.009092092514038086,
          0.0064491331577301025,
          0.009980171918869019
        ],
        [
          0.011952430009841919,
          0.005496174097061157,
          0.012570410966873169,
          0.00943845510482788,
          0.0061956048011779785,
          0.008490771055221558,
          0.006876647472381592,
          0.007399648427963257
        ],
        [
          0.010444968938827515,
          0.0038682520389556885,
          0.006756126880645752,
          0.009545862674713135,
          0.007896572351455688,
          0.008539944887161255,
          0.006346344947814941,
          0.009870558977127075
        ],
        [
          0.009594172239303589,
          0.006796598434448242,
          0.008384943008422852,
          0.011978983879089355,
          0.0064640045166015625,
          0.009202361106872559,
          0.008085042238235474,
          0.006401002407073975
        ],
        [
          0.007038891315460205,
          0.0037989020347595215,
          0.0067126452922821045,
          0.00988742709159851,
          0.009090572595596313,
          0.005966305732727051,
          0.005746603012084961,
          0.00660395622253418
        ],
        [
          0.006249099969863892,
          0.006767004728317261,
          0.007876336574554443,
          0.010011047124862671,
          0.007356405258178711,
          0.005205512046813965,
          0.0089682936668396,
          0.00655442476272583
        ],
        [
          0.005331963300704956,
          0.005229562520980835,
          0.006626874208450317,
          0.015146881341934204,
          0.006168067455291748,
          0.004911750555038452,
          0.008937537670135498,
          0.006215095520019531
        ],
        [
          0.005784541368484497,
          0.0035142898559570312,
          0.007950752973556519,
          0.006152123212814331,
          0.006426006555557251,
          0.006038069725036621,
          0.006858140230178833,
          0.006968319416046143
        ],
        [
          0.005721569061279297,
          0.003772914409637451,
          0.0062462687492370605,
          0.020087838172912598,
          0.00541117787361145,
          0.006446719169616699,
          0.009388715028762817,
          0.005102276802062988
        ],
        [
          0.008592426776885986,
          0.004723608493804932,
          0.006791800260543823,
          0.008149027824401855,
          0.004946529865264893,
          0.007440775632858276,
          0.008570283651351929,
          0.007706880569458008
        ],
        [
          0.006632119417190552,
          0.004118174314498901,
          0.007483094930648804,
          0.011017322540283203,
          0.005040854215621948,
          0.005343914031982422,
          0.006375253200531006,
          0.005723804235458374
        ],
        [
          0.004882931709289551,
          0.00397452712059021,
          0.008936941623687744,
          0.008955031633377075,
          0.005624234676361084,
          0.006049245595932007,
          0.007790863513946533,
          0.009238898754119873
        ],
        [
          0.006749361753463745,
          0.006806731224060059,
          0.01028430461883545,
          0.010647833347320557,
          0.006727099418640137,
          0.0050289928913116455,
          0.006058603525161743,
          0.00743529200553894
        ],
        [
          0.0067768394947052,
          0.0045105814933776855,
          0.01132550835609436,
          0.007436245679855347,
          0.005598127841949463,
          0.0046890974044799805,
          0.00745585560798645,
          0.010867893695831299
        ],
        [
          0.006098389625549316,
          0.004141479730606079,
          0.010348528623580933,
          0.007854163646697998,
          0.005984634160995483,
          0.005287975072860718,
          0.005669772624969482,
          0.00861099362373352
        ],
        [
          0.00593605637550354,
          0.0036460459232330322,
          0.01083827018737793,
          0.011184364557266235,
          0.006141394376754761,
          0.006792962551116943,
          0.008047014474868774,
          0.010440945625305176
        ],
        [
          0.007017254829406738,
          0.004549115896224976,
          0.013949483633041382,
          0.009406834840774536,
          0.005171388387680054,
          0.0047834813594818115,
          0.006910651922225952,
          0.013069093227386475
        ],
        [
          0.008409053087234497,
          0.004092782735824585,
          0.007364779710769653,
          0.009017497301101685,
          0.006914705038070679,
          0.005257666110992432,
          0.007552355527877808,
          0.008149862289428711
        ],
        [
          0.006968766450881958,
          0.005409330129623413,
          0.007203876972198486,
          0.007155328989028931,
          0.006051003932952881,
          0.005306124687194824,
          0.006609320640563965,
          0.011936098337173462
        ],
        [
          0.0073187947273254395,
          0.004062145948410034,
          0.007288515567779541,
          0.011324435472488403,
          0.005231082439422607,
          0.007092267274856567,
          0.007428348064422607,
          0.005541592836380005
        ],
        [
          0.00594446063041687,
          0.004565328359603882,
          0.00862160325050354,
          0.006486684083938599,
