{
  "window": 4000,
  "steps": [
    241999,
    243999,
    245999,
    247999,
    249999,
    251999,
    253999,
    255999,
    257999,
    259999,
    261999,
    263999,
    265999,
    267999,
    269999,
    271999,
    273999,
    275999,
    277999,
    279999,
    281999,
    283999,
    285999,
    287999,
    289999,
    291999,
    293999,
    295999
  ],
  "data": {
    "logits": {
      "cosine": [
        [
          0.006780087947845459,
          0.00441095232963562,
          0.005103081464767456,
          0.008881449699401855,
          0.0060485005378723145,
          0.004713594913482666,
          0.0075994133949279785,
          0.008023262023925781
        ],
        [
          0.005630970001220703,
          0.003126382827758789,
          0.005006194114685059,
          0.009335249662399292,
          0.005517363548278809,
          0.00619053840637207,
          0.006910413503646851,
          0.006752699613571167
        ],
        [
          0.004914730787277222,
          0.003591686487197876,
          0.004760533571243286,
          0.007348805665969849,
          0.006025046110153198,
          0.005432158708572388,
          0.0063321590423583984,
          0.007595419883728027
        ],
        [
          0.0050508081912994385,
          0.004170447587966919,
          0.006788104772567749,
          0.006874173879623413,
          0.006226539611816406,
          0.005343914031982422,
          0.006053745746612549,
          0.006432861089706421
        ],
        [
          0.004957288503646851,
          0.005325764417648315,
          0.006025582551956177,
          0.006263613700866699,
          0.004763215780258179,
          0.004760861396789551,
          0.0054759681224823,
          0.008536696434020996
        ],
        [
          0.005601972341537476,
          0.0038412809371948242,
          0.006578981876373291,
          0.009396463632583618,
          0.007102549076080322,
          0.007385939359664917,
          0.005875080823898315,
          0.012709826231002808
        ],
        [
          0.005446642637252808,
          0.00438883900642395,
          0.00875544548034668,
          0.006821721792221069,
          0.006689637899398804,
          0.0060370564460754395,
          0.005343049764633179,
          0.009515464305877686
        ],
        [
          0.005880087614059448,
          0.0034191906452178955,
          0.004241198301315308,
          0.00749582052230835,
          0.006834536790847778,
          0.0049474239349365234,
          0.006457626819610596,
          0.006232887506484985
        ],
        [
          0.007231324911117554,
          0.0030952394008636475,
          0.0068198442459106445,
          0.007011741399765015,
          0.006112456321716309,
          0.006019264459609985,
          0.005687355995178223,
          0.0049079060554504395
        ],
        [
          0.006459087133407593,
          0.0032178759574890137,
          0.006643623113632202,
          0.00621187686920166,
          0.009646058082580566,
          0.003928720951080322,
          0.005242258310317993,
          0.005662977695465088
        ],
        [
          0.006204694509506226,
          0.0041730403900146484,
          0.005849182605743408,
          0.0059896111488342285,
          0.007842868566513062,
          0.006593286991119385,
          0.0050096213817596436,
          0.00718766450881958
        ],
        [
          0.0040552616119384766,
          0.003520965576171875,
          0.00682753324508667,
          0.0062333643436431885,
          0.0055776238441467285,
          0.004441052675247192,
          0.004021763801574707,
          0.004929333925247192
        ],
        [
          0.00444599986076355,
          0.003973275423049927,
          0.0059760212898254395,
          0.005034148693084717,
          0.005508542060852051,
          0.004020601511001587,
          0.00580635666847229,
          0.005821406841278076
        ],
        [
          0.003524601459503174,
          0.002540886402130127,
          0.003443121910095215,
          0.005233287811279297,
          0.00457763671875,
          0.002749890089035034,
          0.003992944955825806,
          0.003964900970458984
        ],
        [
          0.004007667303085327,
          0.00286296010017395,
          0.003885418176651001,
          0.00421634316444397,
          0.0049416422843933105,
          0.0037759244441986084,
          0.0039435625076293945,
          0.00606951117515564
        ],
        [
          0.005412250757217407,
          0.001971513032913208,
          0.007594406604766846,
          0.009380370378494263,
          0.003319382667541504,
          0.0030343830585479736,
          0.004543900489807129,
          0.0029098689556121826
        ],
        [
          0.0037229061126708984,
          0.0026621222496032715,
          0.005518406629562378,
          0.00473397970199585,
          0.002971440553665161,
          0.004654645919799805,
          0.0038688480854034424,
          0.006271094083786011
        ],
        [
          0.003780841827392578,
          0.001721709966659546,
          0.004730254411697388,
          0.00912824273109436,
          0.003294646739959717,
          0.0019853413105010986,
          0.0039011240005493164,
          0.004424959421157837
        ],
        [
          0.0029507577419281006,
          0.001813739538192749,
          0.0036596059799194336,
          0.0035415589809417725,
          0.0025985538959503174,
          0.0023652315139770508,
          0.003359466791152954,
          0.0029338300228118896
        ],
        [
          0.002234548330307007,
          0.002056896686553955,
          0.00320279598236084,
          0.004161655902862549,
          0.002705901861190796,
          0.0016338527202606201,
          0.0038080811500549316,
          0.0033919811248779297
        ],
        [
          0.0028774142265319824,
          0.0015072524547576904,
          0.003138631582260132,
          0.002765268087387085,
          0.0024337172508239746,
          0.0023665428161621094,
          0.002293407917022705,
          0.0026289820671081543
        ],
        [
          0.001799553632736206,
          0.001632988452911377,
          0.0019770264625549316,
          0.0023301243782043457,
          0.0018664300441741943,
          0.0016384422779083252,
          0.0024057626724243164,
          0.0033428072929382324
        ],
        [
          0.0019904375076293945,
          0.0011685490608215332,
          0.0027031898498535156,
          0.0024498701095581055,
          0.0017147660255432129,
          0.0017459392547607422,
          0.001812070608139038,
          0.0022291839122772217
        ],
        [
          0.001973360776901245,
          0.0011228621006011963,
          0.0015922188758850098,
          0.0031456351280212402,
          0.002429664134979248,
          0.0009377896785736084,
          0.002116858959197998,
          0.0018793940544128418
        ],
        [
          0.00240209698677063,
          0.0018284022808074951,
          0.002844303846359253,
          0.0016427934169769287,
          0.0016394853591918945,
          0.0010100305080413818,
          0.001960843801498413,
          0.0013123750686645508
        ],
        [
          0.0012115836143493652,
          0.001043766736984253,
          0.001548856496810913,
          0.0015009641647338867,
          0.0009222924709320068,
          0.001071155071258545,
          0.0013647973537445068,
          0.001462310552597046
        ],
        [
          0.0011944472789764404,
          0.0015235841274261475,
          0.0011909902095794678,
          0.001839280128479004,
          0.0011371970176696777,
          0.0007908046245574951,
          0.0020302534103393555,
          0.0010915696620941162
        ],
        [
          0.0007892251014709473,
